,amount_inr,amount_inr
,mean,sum
cohort_year,,
2024,107422.54183205638,3491125187
2025,109158.5770609319,30455243
